,gabor_red_pos,gabor_blue_pos,subjectID,time
0,0.19999999999999954,-0.19999999999999954,0001,2023_08_09_06_01_03
